{
    "ad": "Andorra",
    "ae": "Emirados Árabes Unidos",
    "af": "Afeganistão",
    "ag": "Antígua e Barbuda",
    "ai": "Anguila",
    "al": "Albânia",
    "am": "Arménia",
    "ao": "Angola",
    "aq": "Antártida",
    "ar": "Argentina",
    "as": "Samoa Americana",
    "at": "Áustria",
    "au": "Austrália",
    "aw": "Aruba",
    "ax": "Ilhas Åland",
    "az": "Azerbaijão",
    "ba": "Bósnia e Herzegovina",
    "bb": "Barbados",
    "bd": "Bangladesh",
    "be": "Bélgica",
    "bf": "Burquina Fasso",
    "bg": "Bulgária",
    "bh": "Bahrein",
    "bi": "Burundi",
    "bj": "Benim",
    "bl": "São Bartolomeu",
    "bm": "Bermudas",
    "bn": "Brunei",
    "bo": "Bolívia",
    "bq": "Países Baixos Caribenhos",
    "br": "Brasil",
    "bs": "Bahamas",
    "bt": "Butão",
    "bv": "Ilha Bouvet",
    "bw": "Botswana",
    "by": "Bielorrússia",
    "bz": "Belize",
    "ca": "Canadá",
    "cc": "Ilhas Cocos (Keeling)",
    "cd": "República Democrática do Congo",
    "cf": "República Centro-Africana",
    "cg": "República do Congo",
    "ch": "Suíça",
    "ci": "Costa do Marfim",
    "ck": "Ilhas Cook",
    "cl": "Chile",
    "cm": "Camarões",
    "cn": "China",
    "co": "Colômbia",
    "cr": "Costa Rica",
    "cu": "Cuba",
    "cv": "Cabo Verde",
    "cw": "Curaçau",
    "cx": "Ilha Christmas",
    "cy": "Chipre",
    "cz": "Chéquia",
    "de": "Alemanha",
    "dj": "Djibouti",
    "dk": "Dinamarca",
    "dm": "Dominica",
    "do": "República Dominicana",
    "dz": "Argélia",
    "ec": "Equador",
    "ee": "Estónia",
    "eg": "Egito",
    "eh": "Saara Ocidental",
    "er": "Eritreia",
    "es": "Espanha",
    "et": "Etiópia",
    "eu": "União Europeia",
    "fi": "Finlândia",
    "fj": "Fiji",
    "fk": "Ilhas Malvinas",
    "fm": "Estados Federados da Micronésia",
    "fo": "Ilhas Feroe",
    "fr": "França",
    "ga": "Gabão",
    "gb": "Reino Unido",
    "gb-eng": "Inglaterra",
    "gb-nir": "Irlanda do Norte",
    "gb-sct": "Escócia",
    "gb-wls": "País de Gales",
    "gd": "Granada",
    "ge": "Geórgia",
    "gf": "Guiana Francesa",
    "gg": "Guernsey",
    "gh": "Gana",
    "gi": "Gibraltar",
    "gl": "Gronelândia",
    "gm": "Gâmbia",
    "gn": "Guiné",
    "gp": "Guadalupe",
    "gq": "Guiné Equatorial",
    "gr": "Grécia",
    "gs": "Ilhas Geórgia do Sul e Sandwich do Sul",
    "gt": "Guatemala",
    "gu": "Guam",
    "gw": "Guiné-Bissau",
    "gy": "Guiana",
    "hk": "Hong Kong",
    "hm": "Ilha Heard e Ilhas McDonald",
    "hn": "Honduras",
    "hr": "Croácia",
    "ht": "Haiti",
    "hu": "Hungria",
    "id": "Indonésia",
    "ie": "Irlanda",
    "il": "Israel",
    "im": "Ilha de Man",
    "in": "Índia",
    "io": "Território Britânico do Oceano Índico",
    "iq": "Iraque",
    "ir": "Irã",
    "is": "Islândia",
    "it": "Itália",
    "je": "Jersey",
    "jm": "Jamaica",
    "jo": "Jordânia",
    "jp": "Japão",
    "ke": "Quénia",
    "kg": "Quirguistão",
    "kh": "Camboja",
    "ki": "Kiribati",
    "km": "Comores",
    "kn": "São Cristóvão e Neves",
    "kp": "Coreia do Norte",
    "kr": "Coreia do Sul",
    "kw": "Kuwait",
    "ky": "Ilhas Cayman",
    "kz": "Cazaquistão",
    "la": "Laos",
    "lb": "Líbano",
    "lc": "Santa Lúcia",
    "li": "Liechtenstein",
    "lk": "Sri Lanka",
    "lr": "Libéria",
    "ls": "Lesoto",
    "lt": "Lituânia",
    "lu": "Luxemburgo",
    "lv": "Letónia",
    "ly": "Líbia",
    "ma": "Marrocos",
    "mc": "Mónaco",
    "md": "Moldávia",
    "me": "Montenegro",
    "mf": "São Martinho (França)",
    "mg": "Madagáscar",
    "mh": "Ilhas Marshall",
    "mk": "Macedónia do Norte",
    "ml": "Mali",
    "mm": "Myanmar",
    "mn": "Mongólia",
    "mo": "Macau",
    "mp": "Ilhas Marianas Setentrionais",
    "mq": "Martinica",
    "mr": "Mauritânia",
    "ms": "Monserrate",
    "mt": "Malta",
    "mu": "Maurícia",
    "mv": "Maldivas",
    "mw": "Malawi",
    "mx": "México",
    "my": "Malásia",
    "mz": "Moçambique",
    "na": "Namíbia",
    "nc": "Nova Caledónia",
    "ne": "Níger",
    "nf": "Ilha Norfolk",
    "ng": "Nigéria",
    "ni": "Nicarágua",
    "nl": "Reino dos Países Baixos",
    "no": "Noruega",
    "np": "Nepal",
    "nr": "Nauru",
    "nu": "Niue",
    "nz": "Nova Zelândia",
    "om": "Omã",
    "pa": "Panamá",
    "pe": "Peru",
    "pf": "Polinésia Francesa",
    "pg": "Papua-Nova Guiné",
    "ph": "Filipinas",
    "pk": "Paquistão",
    "pl": "Polónia",
    "pm": "São Pedro e Miquelão",
    "pn": "Ilhas Pitcairn",
    "pr": "Porto Rico",
    "ps": "Estado da Palestina",
    "pt": "Portugal",
    "pw": "Palau",
    "py": "Paraguai",
    "qa": "Catar",
    "re": "Reunião",
    "ro": "Romênia",
    "rs": "Sérvia",
    "ru": "Rússia",
    "rw": "Ruanda",
    "sa": "Arábia Saudita",
    "sb": "Ilhas Salomão",
    "sc": "Seicheles",
    "sd": "Sudão",
    "se": "Suécia",
    "sg": "Singapura",
    "sh": "Santa Helena, Ascensão e Tristão da Cunha",
    "si": "Eslovénia",
    "sj": "Svalbard e Jan Mayen",
    "sk": "Eslováquia",
    "sl": "Serra Leoa",
    "sm": "San Marino",
    "sn": "Senegal",
    "so": "Somália",
    "sr": "Suriname",
    "ss": "Sudão do Sul",
    "st": "São Tomé e Príncipe",
    "sv": "El Salvador",
    "sx": "São Martinho (Países Baixos)",
    "sy": "Síria",
    "sz": "Essuatíni",
    "tc": "Ilhas Turcas e Caicos",
    "td": "Chade",
    "tf": "Terras Austrais e Antárticas Francesas",
    "tg": "Togo",
    "th": "Tailândia",
    "tj": "Tajiquistão",
    "tk": "Toquelau",
    "tl": "Timor-Leste",
    "tm": "Turquemenistão",
    "tn": "Tunísia",
    "to": "Tonga",
    "tr": "Turquia",
    "tt": "Trindade e Tobago",
    "tv": "Tuvalu",
    "tw": "Taiwan",
    "tz": "Tanzânia",
    "ua": "Ucrânia",
    "ug": "Uganda",
    "um": "Ilhas Menores Distantes dos Estados Unidos",
    "un": "Organização das Nações Unidas",
    "us": "Estados Unidos",
    "us-ak": "Alasca",
    "us-al": "Alabama",
    "us-ar": "Arkansas",
    "us-az": "Arizona",
    "us-ca": "Califórnia",
    "us-co": "Colorado",
    "us-ct": "Connecticut",
    "us-de": "Delaware",
    "us-fl": "Flórida",
    "us-ga": "Geórgia",
    "us-hi": "Havaí",
    "us-ia": "Iowa",
    "us-id": "Idaho",
    "us-il": "Illinois",
    "us-in": "Indiana",
    "us-ks": "Kansas",
    "us-ky": "Kentucky",
    "us-la": "Luisiana",
    "us-ma": "Massachusetts",
    "us-md": "Maryland",
    "us-me": "Maine",
    "us-mi": "Michigan",
    "us-mn": "Minnesota",
    "us-mo": "Missouri",
    "us-ms": "Mississippi",
    "us-mt": "Montana",
    "us-nc": "Carolina do Norte",
    "us-nd": "Dakota do Norte",
    "us-ne": "Nebraska",
    "us-nh": "Nova Hampshire",
    "us-nj": "Nova Jérsia",
    "us-nm": "Novo México",
    "us-nv": "Nevada",
    "us-ny": "Nova Iorque",
    "us-oh": "Ohio",
    "us-ok": "Oklahoma",
    "us-or": "Oregon",
    "us-pa": "Pensilvânia",
    "us-ri": "Rhode Island",
    "us-sc": "Carolina do Sul",
    "us-sd": "Dakota do Sul",
    "us-tn": "Tennessee",
    "us-tx": "Texas",
    "us-ut": "Utah",
    "us-va": "Virgínia",
    "us-vt": "Vermont",
    "us-wa": "Washington",
    "us-wi": "Wisconsin",
    "us-wv": "Virgínia Ocidental",
    "us-wy": "Wyoming",
    "uy": "Uruguai",
    "uz": "Uzbequistão",
    "va": "Vaticano",
    "vc": "São Vicente e Granadinas",
    "ve": "Venezuela",
    "vg": "Ilhas Virgens Britânicas",
    "vi": "Ilhas Virgens Americanas",
    "vn": "Vietnã",
    "vu": "Vanuatu",
    "wf": "Wallis e Futuna",
    "ws": "Samoa",
    "xk": "Kosovo",
    "ye": "Iémen",
    "yt": "Mayotte",
    "za": "África do Sul",
    "zm": "Zâmbia",
    "zw": "Zimbabwe"
      }
